{"Thermal": {
    "K": [
        [1508.1604853684528, 0.0, 640.0],
        [0.0, 1511.9953924859087, 512.0],
        [0.0, 0.0, 1.0]
    ],
    "dist": [[-0.2936949101751592, 0.039961485318537757, 0.00014209738493819476, 0.0012181059706456816, 0.0]]
},
"RGB": {
    "K": [
        [2867.2449371834909, 0.0, 2000.0],
        [0.0, 2872.0170866340036, 1500.0],
        [0.0, 0.0, 1.0]
    ],
    "dist": [[0.12983522280449861, -0.23263871750808079, 0.00025880967117184307, -0.0026594579685052587, 0.0]]
}
}